activity_id	activity_name	activity_url	activty_dates	activity_times	activty_place	activity_district	activity_address	activity_description
34	Tardes Clave	https://disfrutemosba.buenosaires.gob.ar/lugares/tardes-clave	NULL	NULL	Espectaculos	NULL	NULL	Vuelven las Tardes Clave al Recoleta. Todos los sabados, desde las 16 h, vas a poder disfrutar de la presentacion especial de los seleccionadxs de Expedicion Clave 2021 con musica, danza, literatura, charlas, talleres y mas actividades pensadas con y desde adolescentes.Domingo 17 de julio, sabado 6, 20, 27 de agosto. Sabado 3, 10 y 17 de septiembre&nbsp;| 15 h | Terraza, Patio del Aljibe y Patio de los NaranjosEntrada gratuitaSe reprograma por lluvia
95	Centro Cultural Recoleta	https://disfrutemosba.buenosaires.gob.ar/lugares/centro-cultural-recoleta	{'Domingo', 'Viernes', 'Jueves', 'Sabado', 'Miercoles', 'Martes'}	{'12:30 a 21:00', '10:30 a 21:00'}	Espectaculos	Recoleta	Junin 1930, C1113 CABA, Argentina	El Centro Cultural Recoleta es un espacio vivo y participativo para adolescentes y jovenes que apuesta a la convivencia en la diversidad y que impulsa los movimientos artisticos del pais y del mundo desde hace mas de tres decadas.&nbsp;Construido sobre un casco historico con 300 anos de historia, conecta tradicion y vanguardia, y es visitado por mas de medio millon de personas al ano, en su mayoria jovenes de entre 18 y 35 anos. &nbsp;&nbsp;Hay salas permanentes dedicadas a los adolescentes, al hip-hop, al dibujo, una zona de estudio, un espacio de ocio y recreacion, un bar y una tienda de objetos de diseno argentino contemporaneo, ademas de la Terraza, el Cine, el Laboratorio musical, el Centro de investigacion, la Residencia para artistas, la Capilla y las salas de exhibicion para artes visuales.&nbsp;Libertad, participacion y convivencia son los valores que determinan el cruce de actividades: artes visuales, musica, danza, teatro, literatura y cine conviven con hip hop, cosplayers, booktubers, instagramers, gamers y todas las nuevas escenas culturales jovenes que estan vivas en la ciudad. &nbsp;&nbsp;Todo el ano, a traves de diferentes mecanismos de participacion como las convocatorias abiertas y publicas, el Recoleta invita a organizaciones culturales y a colectivos de artistas a crear contenidos y/o integrarse a su programacion, como la convocatoria anual a artistas para disenar y dictar talleres o la convocatoria a organizaciones culturales que quieran organizar proyectos en colaboracion.
96	Patio de Los Lecheros	https://disfrutemosba.buenosaires.gob.ar/lugares/patio-de-los-lecheros	{'Domingo', 'Viernes', 'Jueves', 'Lunes', 'Sabado', 'Martes', 'Miercoles'}	{'09:00 a 02:00', '09:00 a 03:00'}	Gastronomia	Caballito	Donato Alvarez 175, Bacacay 1686, 1406 CABA, Argentina	"El Patio de los Lecheros es el primer patio gastronomico&nbsp;de la Ciudad impulsado por BA Capital Gastronomica. Ubicado en la Av. Donato Alvarez y Bacacay, comenzo abriendo el primer fin de semana de cada mes con food trucks para luego pasar a abrir todos los fines de semana en 2017, ya con el formato de puestos en containers hasta su actual apertura. Es un ambiente techado donde no cierra por lluvia y se puede disfrutar de deliciosas comidas.&nbsp;Este predio se puso en valor para que familias, parejas y amigos puedan juntarse a compartir propuestas gastronomicas y de entretenimiento (musicos, grafiteros, malabaristas y artistas callejeros). La oferta gastronomica actual es de 11 locales de parrilla, comida peruana y asiatica, comida mexicana, comida americana, pizzas y empanadas, fiambreria, vinos, tragos, cerveza artesanal, helados y cafeteria.El Patio recibe su nombre gracias a que era la estacion de tren, muy cercana a la actual ""Caballito"", donde llegaba la leche proveniente de los campos del interior del pais. Cuando en 1961 se prohibio la venta de leche sin proceso de pasteurizacion, el ""Patio de los Lecheros"" cayo en desuso tras desaparecer la figura del lechero hasta que desde BA Capital Gastronomica se realizo el uso y puesta en valor del espacio.Domingo a miercoles | 9h a 00h&nbsp;Jueves | 9h a 2hViernes y Sabados | 9h a 3hAv. Tte. Gral. Donato Alvarez 175.&nbsp;Entrada libre y gratuita."
97	Bosques de Palermo	https://disfrutemosba.buenosaires.gob.ar/lugares/bosques-de-palermo	{'Jueves', 'Viernes', 'Sabado'}	{'09:00 a 18:00', '10:00 a 19:00'}	Parques y Plazas	Palermo	Av. Infanta Isabel 410, Buenos Aires, Argentina	Pulmon natural de la Ciudad.Los bosques de Palermo representan el pulmon verde mas grande de la Ciudad. A lo largo de sus 370 hectareas de extension, diferentes especies de flora forman pequenos bosques y paseos, ideales para disfrutar del deporte y de la vida al aire libre.
98	Museo Sivori	https://disfrutemosba.buenosaires.gob.ar/lugares/museo-sivori	NULL	NULL	Museos y Galerias	Palermo	Av. Infanta Isabel 555, C1268 ACK, Buenos Aires, Argentina	NULL
99	Museo Moderno	https://disfrutemosba.buenosaires.gob.ar/lugares/museo-moderno	NULL	NULL	Museos y Galerias	San Telmo	Av. San Juan 350, C1147 AAO, Buenos Aires, Argentina	NULL
100	Teatro San Martin	https://disfrutemosba.buenosaires.gob.ar/lugares/teatro-san-martin	NULL	NULL	Teatros	Montserrat	C1042AAO, Av. Corrientes 1530, C1042 AAO, Buenos Aires, Argentina	NULL
101	Usina del Arte	https://disfrutemosba.buenosaires.gob.ar/lugares/usina-del-arte	NULL	NULL	Museos y Galerias	La Boca	Agustin R. Caffarena 1, C1157 CABA, Argentina	NULL
102	Teatro Colon	https://disfrutemosba.buenosaires.gob.ar/lugares/teatro-colon	NULL	NULL	Teatros	Retiro	Cerrito 628, C1010 CABA, Argentina	NULL
116	El Rosedal	https://disfrutemosba.buenosaires.gob.ar/lugares/el-rosedal	{'Domingo', 'Viernes', 'Jueves', 'Sabado', 'Miercoles', 'Martes'}	{'08:00 a 20:00'}	Parques y Plazas	Palermo	Buenos Aires, CABA, Argentina	En la naturaleza se esconde la magia de la creacion. En ella podemos hallar los elementos mas variados para reconfortar nuestra vista en la apreciacion de colores y texturas, como por ejemplo el rosal, un tipo de arbusto espinoso y florido que pertenece a la familia de las rosaceas. Su flor es la insignia de cualquier jardin preciado y el deleite de los jardineros. En la Ciudad hay espacios naturales que las conservan con especial cuidado y atencion para el gusto de los vecinos y turistas, nacionales e internacionales; y el Rosedal de Palermo es, sin dudas, su maximo exponente. El tradicional parque porteno esta ubicado en el barrio de Palermo, integrante del conjunto llamado Parque Tres de Febrero; es poseedor de 18 mil rosales, un puente griego, un patio andaluz y 26 bustos de poetas. Los terrenos en los que se descubre este precioso bien paisajistico pertenecieron a Juan Manuel de Rosas, al que una vez caido en la Batalla de Caseros le fueron confiscados. Con el tiempo, Carlos Thays pensaria y diagramaria en estos terrenos el Parque Tres de Febrero. Mas tarde, su discipulo Benito Carrasco asumiria la Direccion de Paseos de la Ciudad, antes presidida por Thays, y concluiria la obra terminando el famoso puente helenico, el templete y la pergola. A pocos metros, el Paseo de los Poetas es un espacio donde se rinde un sentido homenaje a grandes poetas y escritores. Esta escoltado por 26 bustos, entre los que destacan los de Jorge Luis Borges, Dante Alighieri, Miguel de Cervantes, Jose Marti, Ruben Dario, Miguel Hernandez y Miguel Angel Asturias. En este bello contexto, donde se fusionan lo natural y lo cultural, se puede disfrutar de la delicada propuesta musical del ciclo Musica en el Rosedal, que se lleva a cabo todos los fines de semana. Una oportunidad constante de redescubrir la Ciudad, en la que siempre hay algo para hacer.
117	Monumento a Osvaldo Pugliese	https://disfrutemosba.buenosaires.gob.ar/lugares/monumento-a-osvaldo-pugliese	{'Domingo', 'Viernes', 'Jueves', 'Lunes', 'Sabado', 'Miercoles', 'Martes'}	{'00:00 a 12:00'}	Monumentos	Villa Crespo	Av. Corrientes & Raul Scalabrini Ortiz, Buenos Aires, Argentina	El pianista y compositor Osvaldo Pugliese es un personaje indisociable de la identidad de Villa Crespo y sus calles. Nacido en el ano 1905, la formacion musical del compositor y sus primeras presentaciones se hallan ligadas intimamente al barrio en el que vivio durante toda su vida: fue en el Conservatorio Odeon, ubicado en la calle Corrientes, donde el joven Pugliese descubrio su pasion por el piano, y en el emblematico cafe La Chancha donde realizo su debut con apenas quince anos. Su nombre tambien es evocado como sinonimo de militancia politica: afiliado al Partido Comunista, Pugliese creo la sociedad de musicos argentinos, fue cofundador del sindicato de musicos populares y lidero la primera huelga de cabarets en 1935. La orquesta que lideraba se caracterizo por afirmar un modelo de organizacion basado en el cooperativismo, poniendo en crisis la figura del director-empresario. A su vez, la reivindicacion de Pugliese por la cultura popular lo enfrento en diversas oportunidades a la invasion de las industrias del entretenimiento, las discograficas multinacionales y la politica cultural de la dictadura. Con los anos, Pugliese se ha convertido en un santo popular, una presencia sacra dispuesta a ser evocada cuando se impone la necesidad de conjurar la mufa. La fuerza huracanada de su produccion y su impetu desbocado resuenan en el ambito cultural a partir de un sintetico y estricto mantra que consiste en nombrarlo tres veces. Como todo santo, Pugliese recibe en el ano 2005 su altar, en la interseccion de las calles Corrientes y Scalabrini Ortiz. La escultura realizada por la artista Paula Franzi lo muestra sentado al piano junto a los historicos instrumentistas de su orquesta, todos ellos ubicados sobre una plataforma circular. Alli, en el corazon de Villa Crespo, la fuerza de uno de los musicos de tango mas importantes del pais se mantiene viva.
121	Congreso de la Nacion	https://disfrutemosba.buenosaires.gob.ar/lugares/congreso-de-la-nacion	NULL	NULL	Patrimonio	Montserrat	Av. Entre Rios, C1033 CABA, Argentina	Diseno, arquitectura y realizacion de un edificio de postal.Proyectado por el arquitecto italiano Victor Meano, el emblematico edificio del Congreso de la Nacion, de estilo grecorromano, ostenta proporciones severas pero elegantes. Su arquitectura conjuga tres corrientes: academicismo, eclecticismo y clasicismo, amalgama que refleja la condicion universal e inclusiva de su funcion, ya que representa el espiritu de todo un pueblo. La fastuosidad de sus formas armonizan con el perfil arquitectonico de Avenida de Mayo, cerrada en el extremo opuesto por otro icono republicano: la Casa Rosada. Inaugurado en 1906, recien en 1946 quedo definitivamente terminado. Cuenta con basamento de granito y esta integramente revestido en piedra caliza gris. La cupula otorga al conjunto un aspecto de magnificencia que el interior reivindica. Victor Meano interpreto fielmente la importancia que una legislatura tiene para la republica, rasgo plasmado fielmente en las escaleras internas que reflejan la titanica tarea que significo su construccion. Desde el primer descanso y merced al balcon circular puede advertirse la grandeza del espacio, sea que echemos el ojo hacia arriba o abajo, da lo mismo. No menos importante resulta la gran arana de bronce de dos toneladas que pende a sesenta metros de altura. Mencion aparte merece la cupula cuyos 65 metros sobre el Salon Azul, y a 85 del nivel de la calle donde se encuentra emplazado el edificio, la convierten en la mas grande de la Ciudad. Revestida en cobre y trabajada en marmol con rosetones en su interior, da caracter al conjunto. El enorme trabajo de ingenieria que demando su construccion se refleja en el basamento: cuatro pilares con una superficie total de 300 m2 de granito cuyas 30.000 toneladas descansan en otra cupula de piedra “al reves”, al modo de un gran cuenco gigante.
123	Casa Rosada	https://disfrutemosba.buenosaires.gob.ar/lugares/casa-rosada	{'Miercoles', 'Domingo', 'Sabado'}	{'10:00 a 18:00'}	Patrimonio	San Telmo	Balcarce 50, C1064 CABA, Argentina	Sede del poder ejecutivo de la Republica Argentina.Todos sabemos que el panteon ruboroso de Balcarce 50, sentado a la cabecera de la mitica Plaza de Mayo, es la casa que ha albergado durante mas de un siglo a los gobernantes del pais. Pero debajo de sus paredes asalmonadas, de sus explanadas y sus pisos de roble o de marmol, hay un solar que antes sostuvo al fuerte mas importante de Buenos Aires, en tiempos tan lejanos como el siglo XVI, y que luego fue residencia de los distintos virreyes que se sucedieron sobre estas tierras en la orbita de la corona espanola. Hoy, la Casa Rosada es no solo un emblema nacional, sino tambien un monumento vivo que abre sus puertas los fines de semana para que sus vecinos puedan adentrarse en su historia. Para este edificio, reformado, ampliado y reconstruido incontables veces, todo comenzo muy temprano, apenas 14 anos despues de la segunda fundacion de la Ciudad. En 1584, entonces, Fernando de Zarate manda levantar sobre el terreno –tan solo una zanja con terraplenes- una construccion amurallada de 120 metros de largo, con foso y puente levadizo, a metros de las barrancas que delimitaban la orilla del rio. Tuvieron que pasar cien anos para que se convirtiera en fuerte propiamente dicho, cuando se rehizo integramente en ladrillo y lucio murallas y bastiones que perduraron hasta su demolicion parcial, en 1850. Luego de restauraciones indicadas por Mitre y Sarmiento, el presidente Roca concreto la union mediante un arco del esplendoroso Palacio de Correos con la Casa de Gobierno, dando a la Casa Rosada su forma definitiva. En su interior habitan imponentes escaleras y esculturas, tapices franceses, muros y cielorrasos con motivos renacentistas y galerias con bustos y retratos de los heroes nacionales. Ademas, cuenta con un Museo que posee un acervo de varios miles de piezas de caracter historico y artistico que abarcan desde el periodo hispanico hasta los presidentes argentinos, y el agregado de un celebre mural de Alfredo Siqueiros encargado por Natalio Botana.
125	Parque Lezama	https://disfrutemosba.buenosaires.gob.ar/lugares/parque-lezama	{'Domingo', 'Viernes', 'Jueves', 'Lunes', 'Sabado', 'Miercoles', 'Martes'}	{'09:00 a 20:00'}	Parques y Plazas	San Telmo	Av. Brasil & Av. Paseo Colon, Buenos Aires, Argentina	Escenario del nacimiento de la Ciudad, deslumbra con sus fuentes, arboles y esculturas.
133	Escuela Taller del Casco Historico	https://disfrutemosba.buenosaires.gob.ar/lugares/escuela-taller-del-casco-historico	NULL	NULL	Taller de Oficios	San Telmo	Av. Brasil 200, C1063AAD CABA, Argentina	Creada en 2001 y ampliada en 2013, la Escuela Taller del Casco Historico esta orientada a la conservacion y restauracion de bienes culturales y a la produccion de objetos de elaboracion artesanal. A medida que restauran el patrimonio del Casco Historico, sus alumnos se capacitan en la confeccion de objetos en yeso, mobiliario de madera y instrumentos de cuerdas, ademas del desarrollo y resignificacion de la tecnica mural de esgrafiado, utilizacion de resina poliester para elaboracion de replicas y moldes, y practicas de albanileria de obra especializada en restauracion edilicia. Su objetivo pedagogico se desarrolla en los programas de ensenanza que aplican sus maestros en los talleres practicos. Dependiente de la Direccion General de Patrimonio, Museos y Casco Historico, esta coordinada por el Ingeniero Fernando E. Caniza y ofrece a sus aprendices incorporar criterios, tecnicas, esteticas y procesos de produccion y creacion, capacitacion calificada que brinda herramientas fundamentales para abrir caminos y para la inclusion personal y laboral. A traves de la practica, el objetivo es que sus alumnos incorporen y perfeccionen tecnicas vinculadas a la conservacion y restauracion del patrimonio edilicio, bienes culturales y arte publico contemporaneo. Nucleados en cinco ramas de orientacion los talleres apuntan a los siguientes oficios: Ornamentacion de frentes, plazas y jardines; Albanileria; Yeseria; Lutheria; Ornamentacion artistica; Ebanisteria; Decapado y lustre; y Esgrafiado y Tecnicas murales. Los maestros acumulan larga experiencia en estas actividades, transmitiendo y brindando al alumno su vasto conocimiento.
136	Parque Centenario	https://disfrutemosba.buenosaires.gob.ar/lugares/parque-centenario	NULL	NULL	Parques y Plazas	Caballito	Av. Diaz Velez, Buenos Aires, Argentina	El Parque Centenario, disenado por Carlos Thays, deslumbra con su gran lago. Con motivo de celebrar los cien anos de la Revolucion de Mayo, el famoso paisajista diseno este espacio en 1909. Sus terrenos, ubicados en el barrio porteno de Caballito, originalmente fueron propiedad de la familia Pinero.Uno de los principales atractivos del parque es un lago artificial donde conviven patos, tortugas y peces. Unas pequenas cascadas dan movimiento al agua en los extremos de este oasis, mientras fuentes y chorros de agua tambien lo adornan.Se dice que el diseno circular del parque se debe a que Thays se inspiro en el escudo nacional; los bulevares que rodean al circulo principal representarian a los laureles del escudo. Dentro de sus 12 hectareas, crece uno de los jardines mas bellos de la ciudad, con diferentes especies de arboles y flores. Las rosas, jazmines y primulas son las flores que mas habituales, aunque tambien se destacan las de los palos borrachos, tipas y ceibos.En el Parque Centenario, grandes y chicos muestran sus destrezas en la pista de skate. Una colorida calesita gira al ritmo de canciones de los idolos infantiles y los sectores de juegos esperan divertir a los ninos. Muchas personas leen bajo las arboledas, comen o simplemente disfrutan de la vista al lago.El espacio verde tambien cuenta con monumentos y esculturas que lo embellecen: la Victoria Alada, del italiano Eduardo Rubino; Madame Curie, de Santiago Parodi; y La Aurora, de Emilio Peinot.Otro de los encantos del parque es el Anfiteatro Eva Peron. Inaugurado en 1953, es sede de espectaculos musicales y de festivales como el BAFICI y Tango BA, entre otros eventos culturales. Dispone de 1620 butacas y una pantalla para proyecciones. Se puede ingresar al auditorio por Av. Lillo, esquina Leopoldo Marechal. Ademas, el Centenario alberga en su perimetro el observatorio de la Asociacion Amigos de la Astronomia y al Museo de Ciencias Naturales Bernardino Rivadavia, el cual atesora una completa coleccion de paleontologia.Los fines de semana y feriados, el Parque Centenario ofrece una posibilidad mas: se pueden ojear libros usados, comprar artesanias o simplemente recorrer los pasillos de las ferias que se emplazan a su alrededor.Este pulmon, ubicado en el centro geografico de la Ciudad, es un paseo con una multiplicidad de propuestas para disfrutar.Parque Centenario | Av. Diaz Velez y Angel Gallardo.Todos los dias | 8.30 a 18 h
137	Plaza General San Martin	https://disfrutemosba.buenosaires.gob.ar/lugares/plaza-general-san-martin	NULL	NULL	Parques y Plazas	Retiro	Buenos Aires, Argentina	Descomunal espacio verde que tributa al padre de la Patria.
139	Plaza 1° de Mayo	https://disfrutemosba.buenosaires.gob.ar/lugares/plaza-1-de-mayo	{'Domingo', 'Viernes', 'Jueves', 'Lunes', 'Sabado', 'Miercoles', 'Martes'}	{'08:00 a 20:00'}	Parques y Plazas	Balvanera	Av. Hipolito Yrigoyen 2200, C1089AAP CABA, Argentina	Historia y naturaleza de la Ciudad.
146	Palacio de los Bichos	https://disfrutemosba.buenosaires.gob.ar/lugares/palacio-de-los-bichos	NULL	NULL	Fachadas	Villa del Parque	Campana 3220, C1417ADB CABA, Argentina	El bucolico barrio de Villa del Parque tambien tiene su casa embrujada.
149	Parque La Isla	https://disfrutemosba.buenosaires.gob.ar/lugares/parque-la-isla	{'Domingo', 'Viernes', 'Jueves', 'Lunes', 'Sabado', 'Miercoles', 'Martes'}	{'00:00 a 23:59'}	Parques y Plazas	La Paternal	Buenos Aires, Argentina	Juegos de vanguardia y un paseo de mascotas en La Paternal.
155	Mirador Massue	https://disfrutemosba.buenosaires.gob.ar/lugares/mirador-massue	NULL	NULL	Fachadas	San Nicolas	Talcahuano 610, C1013 AAN, Buenos Aires, Argentina	NULL
159	Plaza Irlanda	https://disfrutemosba.buenosaires.gob.ar/lugares/plaza-irlanda	NULL	NULL	Parques y Plazas	Caballito	Av. Gaona, C1416 CABA, Argentina	NULL
163	Museo Nacional de Bellas Artes	https://disfrutemosba.buenosaires.gob.ar/lugares/museo-nacional-de-bellas-artes	NULL	NULL	Museos y Galerias	Recoleta	Av. del Libertador 1473, C1425AAA CABA, Argentina	NULL
165	Espacio Garcia	https://disfrutemosba.buenosaires.gob.ar/lugares/espacio-garcia	NULL	NULL	Gastronomia	Saavedra	Vidal 3801, C1429AHS CABA, Argentina	"Reciclada por sus duenos en un ano de arduo trabajo, esta antigua casona familiar en la esquina de Vidal y Garcia del Rio&nbsp;hoy es el hogar de un centro cultural con una cuidada propuesta gastronomica.&nbsp; En su planta inferior, se destaca un resto de amplios ventanales, que combina elementos de los viejos y tradicionales bares portenos con otros de arquitectura moderna, y un patio contiguo descubierto&nbsp;ideal para tertulias.&nbsp;En el primer piso, posee un salon que puede recibir medio centenar de personas, perfectamente acondicionado para ser la sede elegida para muestras, presentaciones, exposiciones, un teatro intimista o una sala de cine. Sus duenos son Ignacio Lombardi y Malena Sivak, una pareja de abogados que, sin dejar totalmente de lado su profesion, estan codo a codo trabajando para desarrollar su pasion por el arte.&nbsp;Asi, en muy poco tiempo, Espacio Garcia -un nombre que combina la afinidad natural por la Avenida en la que esta ubicado con el homenaje a Charly y a su musica- ya cuenta con una clientela propia y una variada propuesta de actividades en el corazon del barrio de Saavedra. Los martes, se lleva a cabo un ciclo de cine italiano clasico (al que se suma como propuesta la posibilidad de disfrutar tragos tipicos de esas tierras); los sabados, un taller de canto y expresion corporal para iniciados; y&nbsp;los jueves, la original&nbsp;propuesta inspirada en una experiencia similar que se realiza en Bolonia: se trata de ""Libros libres"", en la que cualquier asistente puede tomar uno de los tantos libros que estan a disposicion para leerlo en el bar, en el patio o simplemente llevarselo, sin necesidad de devolverlo. A cuatro cuadras de Cabildo y una de Cramer, este espacio alberga cada semana&nbsp;diferentes eventos culturales y comunitarios. Mientras tanto, el bar trabaja con su propuesta diariamente, de 9 a 20 h.&nbsp;"
166	Mercado del Progreso	https://disfrutemosba.buenosaires.gob.ar/lugares/mercado-del-progreso	NULL	NULL	Mercados y Ferias	Caballito	Av. Rivadavia 5430, C1424CEW CABA, Argentina	NULL
168	EL Cultural San Martin	https://disfrutemosba.buenosaires.gob.ar/lugares/el-cultural-san-martin	NULL	NULL	Espectaculos	Montserrat	Sarmiento 1551, C1042 ABC, Buenos Aires, Argentina	NULL
197	CC 25 de Mayo	https://disfrutemosba.buenosaires.gob.ar/lugares/cc-25-de-mayo	NULL	NULL	Espectaculos	Villa Urquiza	Av Triunvirato 4444, C1431FBU CABA, Argentina	NULL
198	Planetario Galileo Galilei	https://disfrutemosba.buenosaires.gob.ar/lugares/planetario-galileo-galilei	{'Domingo', 'Viernes', 'Jueves', 'Sabado', 'Miercoles', 'Martes'}	{'09:30 a 17:00', '12:00 a 19:30'}	Patrimonio	Palermo	Av. Sarmiento s/n, C1425 CABA, Argentina	El Planetario es el principal centro de divulgacion de astronomia de la ciudad. Cuenta con una sala de proyeccion semiesferica con trescientas sesenta butacas reclinables y una cupula de veinte metros de diametro donde se reproducen cerca de 8.900 estrellas, planetas y satelites del universo, gracias a un imponente equipo (unico en Latinoamerica) que contiene seis proyectores Sky-Skan con resolucion 8K, lo que indica que el domo contiene 38 millones de pixeles.Su edificio de cinco pisos tambien cuenta con un museo y una pequena sala de proyeccion secundaria, ademas de albergar una coleccion de meteoritos provenientes del norte argentino. En el lago adyacente se encuentra la escultura Sorprendida, del italiano Nicolas A. Ferrari y, a pocos metros, un monolito evocativo del sabio polaco Nicolas Copernico.Visitas guiadas del sabado 16 al domingo 31 de julio.Lunes miercoles y viernes&nbsp; 11 h.Sabados y domingos 10 y 11 h.TELESCOPIOS del sabado 16 al domingo 31 de julio.Actividad gratuita con cupo de 250 observadores&nbsp;Miercoles, sabados y domingos al anochecer.
239	OTBA en Usina del Arte	https://disfrutemosba.buenosaires.gob.ar/lugares/otba-en-usina-del-arte	NULL	NULL	Museos y Galerias	NULL	NULL	El viernes 5 de agosto La Orquesta del Tango de Buenos Aires dara un nuevo concierto con un repertorio especial de clasicos del tango. Canta Lautaro Mazza y la conduccion estara a cargo de la periodista y locutora Mariana Fossati. Dirige a la Orquesta los Mtros. Nestor Marconi y. Juan Carlos Cuacci.Viernes 5 de agosto | 20hUsina del Arte | Agustin R Caffarena 1, Esq. Pedro de MendozaEntradas gratuitas | disponibles desde el 2 de agosto haciendo click aca--------------------------------------------La Orquesta del Tango de Buenos Aires nacio en 1980. Esta dirigida por los Maestros Nestor Marconi y Juan Carlos Cuacci. Premios: Disco de Oro por En vivo en el Colon (2001), Diploma al Merito Fundacion Konex como Conjunto de Tango (1995 y 2005). Nominaciones a los Grammy Latinos 2011 por sus trabajos 30 Anos. Nominaciones a los Grammy Latinos 2011 por sus trabajos 30 anos y Homenaje a Catulo Castillo y Anibal Troilo; Grammy Latino como Mejor album de tango 2015 y el Premio Carlos Gardel, como Mejor album de orquesta instrumental 2016, ambos reconocimientos por Homenaje a Astor Piazzolla, su ultimo trabajo editado.
271	Estacion Retiro	https://disfrutemosba.buenosaires.gob.ar/lugares/estacion-retiro	NULL	NULL	Transporte	Retiro	Av. Dr. Jose Maria Ramos Mejia 1430, C1104 CABA, Argentina	NULL
291	Torneo de Beatbox	https://disfrutemosba.buenosaires.gob.ar/lugares/torneo-de-beatbox	NULL	NULL	Espectaculos	NULL	NULL	¡Llega una nuva edicion del Duelo de parlantes! Un Torneo organizado por Beatbox Argentina. Los participantes mediran su talento en dos fechas imperdibles. El beatbox, cuya traduccion significa “caja de ritmos”, es una disciplina en la que se usa la boca y los labios para producir ritmos y sonidos musicales, generalmente de instrumentos de percusion como bateria, bombo, caja y platillos.&nbsp;El beatboxing permite crear un patron ritmico para rapear arriba sin necesidad de tener un reproductor musical. Su vinculacion con la cultura hip hop viene desde los anos 80, aunque la percusion vocal es un arte muy antiguo.Domingo 24 de julio&nbsp;| Duelo de parlantes 5° edicion | 15 h | Patio del AljibeDomingo 21 de agosto | Duelo de parlantes 6º edicion | 15 h | Patio del AljibeEntrada gratuita. Se reprograma por lluvia&nbsp;&nbsp;
299	Puerto Madero	https://disfrutemosba.buenosaires.gob.ar/lugares/puerto-madero	NULL	NULL	Parques y Plazas	Puerto Madero	Puerto Madero, CABA, Argentina	NULL
305	Av de Mayo	https://disfrutemosba.buenosaires.gob.ar/lugares/av-de-mayo	NULL	NULL	Parques y Plazas	Montserrat	Av. de Mayo & Bolivar, C1059 CABA, Argentina	NULL
315	Facultad de derecho	https://disfrutemosba.buenosaires.gob.ar/lugares/facultad-de-derecho	NULL	NULL	Espectaculos	Recoleta	Av. Pres. Figueroa Alcorta 2263, C1425CKB CABA, Argentina	NULL
322	Teatro Gran Rivadavia	https://disfrutemosba.buenosaires.gob.ar/lugares/teatro-gran-rivadavia	NULL	NULL	Teatros	Floresta	Av. Rivadavia 8636, C1407 CABA, Argentina	NULL
355	Cine mecenazgo	https://disfrutemosba.buenosaires.gob.ar/lugares/cine-mecenazgo-1	NULL	NULL	Espectaculos	NULL	NULL	Todos los miercoles llega Cine de Mecenazgo, para disfrutar de nuevas producciones cinematograficas. La entrada es libre y gratuita hasta agotar la capacidad de la sala.&nbsp;Una chica invisible | Francisco Bendomir, 2019Andrea descubre que un video vergonzoso de ella se ha vuelto viral. Mientras contempla la idea del suicidio, un hacker contratado por su ex novio la observa ansiosamente a traves de camaras ocultas instaladas en todo el apartamento de Andrea.Miercoles 3 | 19hEl ultimo traje | Pablo Solarz, 2017Narra el viaje de Abraham (Miguel Angel Sola), un sastre judio de 88 anos que decide embarcarse en la aventura de encontrar a un viejo amigo que le salvo hace mas de siete decadas de una muerte segura durante el holocausto, hacia el final de la ocupacion Nazi.Miercoles 10 | 19hQueer Diaries | Santiago Giralt, 2020Una mezcla de documental, diario intimo y autoficcion, Queer Diaries es un viaje sensorial y filosofico. A partir de una pelicula inconclusa, un director de cine vive, viaja y registra sus memorias como pequenos poemas y relatos audiovisuales en un manifiesto politico en defensa de lo queer. ¿Cuales son las formas de familia y de felicidad que construimos? ¿Que cine se debe hacer para este nuevo mundo?Miercoles 17 | 19hGualeguaychu, el pais del carnaval | Marco Berger, 2020Vilmar y Franco (el Toro) nacieron y viven en la ciudad de Gualeguaychu. Todos los veranos, desde su infancia, participan juntos de los carnavales populares de la ciudad. Esta fiesta magica logra maquillar, invadir de colores y plumas a los masculinos cuerpos de la comunidad. El alcohol, la camaraderia y el descontrol se vuelven protagonistas. Los limites de todo se desdibujan al calor del sol y al borde del imponente Rio Parana.Miercoles 24 | 19hLa estrella roja | Gabriel Lichtmann, 2021La investigacion acerca de una presunta espia internacional tras los nazis refugiados en Argentina da lugar a una trama que se expande, delira y se bifurca. Un falso documental que tiene en su centro a una elusiva mujer cuya estela puede rastrearse en las convulsiones mas enfaticas del siglo veinte.Miercoles 31 | 19hEntradas gratuitas hasta agotar capacidadEl Cultural San Martin | Sarmiento 1551
394	Cine Cosmos	https://disfrutemosba.buenosaires.gob.ar/lugares/cine-cosmos	NULL	NULL	Centros culturales	Villa General Mitre	Av. Corrientes 2046, C1045AAP CABA, Argentina	NULL
404	Ciclo de Musica Clasica	https://disfrutemosba.buenosaires.gob.ar/lugares/ciclo-de-musica-clasica	NULL	NULL	NULL	NULL	NULL	La Banda Sinfonica de la Ciudad de Buenos Aires continua con sus presentaciones e invita al concierto que dara lugar en la Legislatura Portena dirigido por el Mtro. Carlos David Jaimes. Sera un concierto con un amplio repertorio especial de clasicos.Programa:Obertura de concierto N°1: Alberto WilliamsObertura de concierto N°2: Alberto WilliamsMi vina de Chapanay: Carlos GuastavinoVerano porteno: Astor PiazzollaEl Firulete, Grisel y Taquito Militar:&nbsp;Mariano MoresArreglos: Martin DarreViernes 12 de agosto | 18h&nbsp;Salon Dorado Legislatura Portena | Peru 160Entrada gratuita------------------------------------------------------------------------------------------------------------------------------------------------Carlos David Jaimes. Realizo sus estudios de musica en la Universidad Nacional de las Artes. Se formo en direccion orquestal con Mario Benzecry y Carlos Calleja y se perfecciono en la Fundacion Teatro Colon y el Mozarteum Argentino. Fue director adjunto de la Orquesta Academica del Teatro Colon y dirigio operas, operetas y titulos del repertorio coreografico junto al Ballet Nacional. Fue director musical del Ballet Contemporaneo del Teatro San Martin. Dirigio como invitado las orquestas Academica del Teatro Colon, Filarmonica de Mendoza, Sinfonica de Santa Fe, Sinfonica de Bahia Blanca, Nacional de Musica Argentina Juan de Dios Filiberto, Sinfonica Municipal de Avellaneda, Sinfonica de la Universidad Nacional de Tucuman, Nacional Juvenil de Chile, entre otras; director adjunto de la Orquesta Academica de Buenos Aires desde su creacion hasta 2018 y director asistente de la Orquesta Sinfonica Municipal de Florencio Varela.La Banda Sinfonica de la Ciudad de Buenos Aires. Organismo estable de la Direccion General de Musica, fue creada por iniciativa del director Antonio Malvagni, para darle a la ciudad una agrupacion sinfonica de caracter permanente. Se presento oficialmente en el Teatro Colon el 14 de Mayo de 1910 para celebrar el Centenario de la Revolucion de Mayo. Fue dirigida por figuras de trayectoria nacional e internacional como Rafael Del Giudice, Domingo Calabro, Reinaldo Zamboni, Mariano Drago, Gerardo Gandini, Roberto Farias (Brasil), Dennis Johnson (Estados Unidos), Vito Clemente (Italia), Jose Maria Castro, Pascual Grisolia, Mario De Rose, Bernardo Teruggi, Gustavo Fontana y Jose Luis Cladera, Mario Perusso y Lito Valle. A ellos se sumaron Juan Jose Castro, Luis Gianneo, Pedro Ignacio Calderon y Simon Blech, entre otros. Sus actuales directores son Dario Dominguez Xodo y Carlos David Jaimes. Desde sus inicios, la Banda Sinfonica de la Ciudad realiza una constante tarea de divulgacion tanto en espacios abiertos, plazas y parques como en salas de conciertos y escuelas publicas portenas, donde desarrolla una intensa labor pedagogica mediante su ciclo anual de conciertos didacticos. En el ano de su 110° aniversario tiene muchas novedades y festejos, en breve presentara un libro con detalles de extensa trayectoria e imagenes historicas ineditas; tambien tiene programado una presentacion mensual en la sala de la Usina del Arte, donde alternaran conciertos didacticos para alumnos de escuelas portenas y conciertos especiales.
417	Parque de la Estacion	https://disfrutemosba.buenosaires.gob.ar/lugares/parque-de-la-estacion	NULL	NULL	Parques y Plazas	Almagro	Tte. Gral. Juan Domingo Peron 3326, B1613AUT CABA, Argentina	NULL
427	Feria de Mataderos	https://disfrutemosba.buenosaires.gob.ar/lugares/feria-de-mataderos	NULL	NULL	NULL	NULL	NULL	En la Feria de Mataderos podes comprar piezas artesanales unicas realizadas por artesanos y artesanas de distintas partes de nuestro pais. Desayunar, almorzar o merendar con amigos o familia y disfrutar de comidas y dulces regionales. Aprender telar, danzas folkloricas, guitarra, lengua quichua, sikus. Participar de sus talleres gratuitos y libres para todas las edades.Todos los domingos | De 11 a 18 hAv. Lisandro de la Torre y Av. de los Corrales | MataderosEntrada libre y gratuita. Se suspende por lluvia.#Cuidarteescuidarnos------------------------------------------------------------------------------------------------------------------------------------------------Sobre la FeriaFue creada en 1986 con el objetivo de generar un espacio permanente para la produccion y difusion de nuestras raices culturales a traves de las artesanias, la musica, los platos tipicos y todas las costumbres de nuestro folclore nacional. Es asi que durante todos estos anos, vecinos y vecinas de la Ciudad pudieron acercarse a su inmenso predio al aire libre para degustar lo mejor de nuestra gastronomia, ver en vivo a artistas folcloricos locales y regionales, y adquirir piezas realizadas por productores artesanales de todo el pais.La Feria, una de las mas grandes de la Ciudad, se convirtio en un verdadero espacio de encuentro, hecho a medida de los historicos mercados populares, donde se valoriza tanto la calidad como la autenticidad de los productos expuestos y ofreciendo espectaculos de musica y baile realizados por profesionales de nuestro folclore.
435	La Rural	https://disfrutemosba.buenosaires.gob.ar/lugares/la-rural	NULL	NULL	Centros culturales	Palermo	Av. Sarmiento 2704, Buenos Aires, Argentina	NULL
458	Espacio Cultural Julian Centeya	https://disfrutemosba.buenosaires.gob.ar/lugares/espacio-cultural-julian-centeya	NULL	NULL	Centros culturales	San Cristobal	Av. San Juan 3255, C1233ABC CABA, Argentina	NULL
472	Biblioteca del Teatro Colon	https://disfrutemosba.buenosaires.gob.ar/lugares/biblioteca-del-teatro-colon	NULL	NULL	Teatros	NULL	NULL	La Biblioteca del Teatro Colon cuenta con un vasto material de archivo, integrado por programas de mano que datan desde 1908 a la actualidad, libros, recortes, diarios musicales, partituras, entre muchos documentos mas, ademas de que se encuentra en permanente incorporacion y restauracion de los mismos. En este momento, el espacio cuenta con aproximadamente entre cinco mil y siete mil ejemplares y prevee aumentar su cantidad.Desde hace unos anos, la sala cuenta con terminales de autoconsulta sobre los programas de mano digitalizados, donde los asistentes podran informarse dentro de la intranet del Centro de Documentacion. La biblioteca, ademas, cuenta con un escaner que permitira reproducir sin cargo y a quien lo necesite, hasta dos hojas por libro.Ya se encuentran a disposicion para su consulta los recortes de prensa (encuadernados)&nbsp; desde el ano 1928, que se van incorporando a la coleccion existente en biblioteca.De lunes a viernes de 10 a 17 h con turno previo. Pedi tu turno en&nbsp;bibliotecaeatc@buenosaires.gob.ar | Para mas informacion comunicarse al&nbsp; 4378-7137&nbsp; o&nbsp; 4378-7198Teatro Colon | Tucuman 1171 | (Pasaje de los Carruajes)Entrada gratuita#Cuidarteescuidarnos
485	Biblioteca Evaristo Carriego	https://disfrutemosba.buenosaires.gob.ar/lugares/biblioteca-evaristo-carriego	NULL	NULL	Bibliotecas	Palermo	Honduras 3784, C1180 ACB, Buenos Aires, Argentina	NULL
487	Casa de la lectura	https://disfrutemosba.buenosaires.gob.ar/lugares/casa-de-la-lectura	NULL	NULL	Bibliotecas	Villa Crespo	Lavalleja 924, C1414DTT CABA, Argentina	NULL
500	Espacio Cultural Carlos Gardel	https://disfrutemosba.buenosaires.gob.ar/lugares/espacio-cultural-carlos-gardel	NULL	NULL	Centros culturales	Colegiales	Olleros 3640, C1427EGP CABA, Argentina	NULL
520	Smart Plaza	https://disfrutemosba.buenosaires.gob.ar/lugares/smart-plaza	{'Domingo', 'Viernes', 'Jueves', 'Lunes', 'Sabado', 'Miercoles', 'Martes'}	{'11:00 a 01:00', '11:00 a 00:00'}	Gastronomia	Parque Patricios	Pepiri 185, C1437 EIC, Buenos Aires, Argentina	Smart Plaza Patio Parque Patricios, la primera plaza inteligente de America Latina, se renovo y suma una experiencia tecnologica con aplicacion propia. Cuenta con seis puestos con oferta gastronomica de hamburguesas, pizzas, comida natural, pescados, helado, pasteleria y cafeteria ademas de dos cervecerias, todo para disfrutar al aire libre. Los diferentes menus pueden verse y pedirse desde la aplicacion Smart Plaza para evitar largas filas, pagar de forma electronica y poder ubicarse en una de las 50 mesas con bancos de madera a disposicion.Lunes a Jueves | 11 a 00 hViernes y sabados | 11 a 1 hDomingo | 11 a 00 hPepiri 185 (esquina Uspallata)Entrada libre y gratuita
530	Agosto en el Cultural Carlos Gardel	https://disfrutemosba.buenosaires.gob.ar/lugares/agosto-en-el-cultural-carlos-gardel	NULL	NULL	Centros culturales	NULL	NULL	Este agosto, en el Centro Cultural Carlos Gardel, empieza con las siguientes actividades:IndomitaA partir de un juego se produce un encuentro de cuatro mujeres que hicieron historia: Marilyn Monroe, Juana Azurduy, Marie Curie y Simone de Beauvoir. A traves de cartas originales escritas por ellas: una guerrera, una filosofa, una actriz y una cientifica, cada una nos acerca a sus ideas, convicciones, amores, angustias, contradicciones y pasiones.5 de agosto | 20:30h&nbsp;“Cumbia Morena Cumbia”, Mauricio KartunEntre las ruinas de un viejo club abandonado, Wily y Rulo esperan a las rubias de sus suenos. Se debaten entre el escepticismo y la ilusion, entre la euforia y la depresion. Al modo de los personajes beckettianos estos Vladimir y Estragon vernaculos expresan la desolacion, la negacion de la realidad y del paso del tiempo utilizando como unico recurso la construccion de una historia conmovedora por lo ilusoria y fantastica. Como siempre la lucha entre la fantasia y lo real, entre las circunstancias que corroen y las esperanzas que nos invitan a seguir.&nbsp;6 de agosto | 20:30hTodos Vivos2 de abril de 1982. Luis, un muchacho de 18 anos, es convocado a la guerra de Malvinas. La idea de ir al combate lo paraliza y el terror le hace perder la razon. Desde entonces es un excombatiente que vive a la intemperie del sentido, un veterano que camina en el limite entre la realidad y la ficcion de nuestra propia historia.12 de agosto | 20:30hLa Magia es cosa seriaUn espectaculo de magia, clown, circo y comedia fisica creado por Capotina, donde Kikina y Allegro transitan situaciones disparatadas siendo el hilo conductor la magia.13 de agosto | 16hEl Karaoke del Buen SufrirLa Conga del Buen Sufrir te invita a El Karaoke del Buen Sufrir, una posibilidad unica de subirte al escenario a cantar con una banda en vivo y divertirte con monologos y escenas de humor.13 de agosto | 20hTenues e Intensos, Lila KB&nbsp;&nbsp;Una muestra basada en series desarrolladas durante los particulares anos 2020 y 2021. Estos cuadros buscan reflejar la interaccion compleja entre mi mundo interior y exterior, unidos por una energia vital que irrumpe y se arremolina. La estructura nace del gesto automatico. En algun momento, las imagenes se diluyen, se conectan con un recuerdo intenso y definen la conexion personal con esa imagen. El espectador completara la obra.Inauguracion 2 de agosto | 19h2 al 14 de agosto | 11 a 20hArtistas por PalestinaSeleccion de obras pertenecientes a la coleccion del III Salon Latinoamericano y VI Nacional de Grabado Palestina Libre. Esta exposicion resalta el compromiso de artistas por la defensa de los derechos humanos del pueblo palestino. Desde distintos ambitos de la cultura Argentina y de otros paises de America Latina, las artes plasticas y otros modos de expresion se han constituido en medios esenciales para difundir la realidad palestina y concientizar sobre lo que padece. “Artistas por Palestina” es una puerta, una ventana, una llave fundamental para ver, escuchar y sentir parte de la realidad del pueblo palestino.16 al 28 de agosto | 11 a 20hEspacio Cultural Carlos Gardel | Olleros 3640Entrada libre y gratuita
532	Agosto en el EC Julian Centeya	https://disfrutemosba.buenosaires.gob.ar/lugares/agosto-en-el-ec-julian-centeya	NULL	NULL	Centros culturales	NULL	NULL	Las Marias: Asociacion Civil 7 coloresEsta obra de teatro trata la vida de dos hermanas que se reencuentran en un lugar indefinido. Sus historias estan atravesadas en sus relatos, con recuerdos de sus infancias y adolescencias. Un padre patriarcal las vincula al mandato de ser mujer. El perdon a una madre y la muerte inesperada por un femicidio las hara entretejer nuevos desafios con la esperanza de encontrar la libertad anorada.Esta obra esta inspirada en mujeres que fueron victimas de violencia de genero. Donde el poder se construye en estructuras de techos de cristales que repercuten en la vida de cuerpos femeneizados. Un arduo trabajo de mirada interseccional vincula al espectador a una profunda reflexion de los privilegios adquiridos y los derechos que faltan conquistar para las mujeres, travestis, lesbianas y trans, ¿La sororidad sera el unico destino?Viernes 5 de agosto | 20:30hOrquesta de tango de la UNA + Quinteto de los ReyesLa Orquesta de Tango de la UNA, dirigida por Ariel Pirotti, esta integrada por estudiantes y musicos muy jovenes, e intenta evocar la sonoridad de las grandes orquestas tipicas que florecieron en los anos dorados del tango desde una estetica renovadora con sus arreglos e interpretaciones. Con su primer disco El Rejunte recibio el Premio Gardel como Mejor Nuevo Artista de Tango. Se presento en diversos escenarios portenos y fue nominada al Latin Grammy 2017.Formado en 2016 por Alejo de los Reyes, el Quinteto De los Reyes grabo el acompanamiento de los discos de Ruben Llaneza (cantor de la orquesta de Joaquin Do Reyes en la decada del 50) y Paula Serrano. Participo de varios importantes eventos, entre los que se destaca su concierto en el Festival Buenos Aires Tango 2018. Actualmente se encuentra registrando su primer disco instrumental, con nuevas versiones de tangos clasicos y algunas composiciones originales.Sabado 6 de agosto | 21hGushiEl diabolo es un invento milenario de origen chino. Se utilizaba tiempo antes de Cristo para ahuyentar malos espiritus. Brunitus recupera este origen mistico en su nuevo espectaculo para generar un viaje. Un viaje por las emociones humanas a traves de este elemento que gira, da saltos y se enreda, como nuestras historias.Gushi es una fabula circense. Una propuesta poetica e intensa. Un espectaculo para toda la familia.Domingo 7 de agosto | 17hLucia D’Agostino en Concierto: Cantando HistoriasLa cantante homenajea a Carlos Gardel compartiendonos un repertorio variado, acompanada por Shino Onhaga en piano y Olga Talero en violin.Viernes 12 de agosto | 20hEspacio Cultural Julian Centeya - Av. San Juan 3255Entrada gratuita
554	Folclore en casa	https://disfrutemosba.buenosaires.gob.ar/lugares/folclore-en-casa	NULL	NULL	NULL	NULL	NULL	La tercera temporada, conducida por Mariana Bocca que podra verse los domingos a las 21 horas por el canal de la Ciudad y por la plataforma Vivamos Cultura, llega renovada. Este ano, cada emision se filmara en una pena o espacio dedicado al folklore en la Ciudad de Buenos Aires o del conurbano. Una vez mas los entrevistados seran artistas reconocidos del folklore argentino como: Zamba Quipildor, Aldy Balestra y el trio Tupa, Sant2, el Condor Sbarbati, La Fortunata (Guadalupe Fleitas y Sebastian Farias Gomez), Nancy Abalos, Caro Centurion, Ffanco Luciani, Nahuel Pennisi y el Chango Spasiuk.Por “Folklore en Casa” ya pasaron figuras de la talla de: Antonio Tarrago Ros, Marian Farias Gomez, Belen Jaramillo, el Indio Rojas, Carlos Di Fulvio, Lorena Astudillo, Jose Luis Castineira de Dios, la Negra Chagra y Pancho Figueroa, entre otros. Y en su tercera edicionpromete seguir resaltando y visibilizando la importancia de este arte federal que es parte de nuestra cultura.Sobre el programa“Folklore en casa” surge de un convenio firmado el 22 de agosto de 2020, Dia del Folklore, entre el Ministerio de Cultura de la Ciudad y la Academia Nacional del Folklore, De esta manera, el Ministerio de Cultura, a traves de su programa Cultura Federal, y el Canal de laCiudad se proponen difundir nuestro arte folklorico a traves de sus mas variados referentes. El Canal de la Ciudad se emite por Cablevision 7– 515 (Flow), Telecentro 22(Digital) – 71, Intv 27, Red Intercable 401 (Digital), DirecTV 239.
564	Presentaciones de libros	https://disfrutemosba.buenosaires.gob.ar/lugares/presentaciones-de-libros	NULL	NULL	Espectaculos	NULL	NULL	Libros creados por pensadores, creadores, artistas que inspiran la creatividad, el vinculo con las artes, el descubrimiento de vocaciones, los cruces y mezclas de disciplinas y estilos, la experimentacion, el conocimiento de diferentes lenguajes creativos, la cultura libre, sustentable y colaborativa. Durante Mayo y Junio, en CC Recoleta se presentaran los siguientes libros:Mar. 26.07 El tiempo de Isidro de Nico Mendoza | 18 h | Sala 6Sab. 30.07 Proyectos de Fanzine, Novela grafica y Libro Album | 15 h | Patio de los NaranjosMar. 02.08 Esencia de cada alma de Franco Avolio | 19 h | Sala 6
565	Lecturas Performaticas	https://disfrutemosba.buenosaires.gob.ar/lugares/lecturas-performaticas	NULL	NULL	Espectaculos	NULL	NULL	La vinculacion de estas artes y el texto escrito genera creaciones performaticas: lecturas que suceden entre videoinstalaciones y musica. Poetas que escriben desde la incertidumbre. Textos que se hacen sonoros, visuales, tangibles. Durante los meses de Mayo, Junio y Julio se llevaran a cabo las siguientes lecturas performaticas en CC Recoleta:&nbsp;Jue. 11.08 La guerra suave. Karaoke poetico organizado por Malena Saito y Florencia Del Castillo | 19 h | Patio del Aljibe&nbsp;Dom. 21.08&nbsp; Auto Cine organizado por Colectivo 17 | 18 h | CineJue. 08.09 Las venas comunicantes organizado por Flor Codagnone y Damo Munoz | 19 h | Patio del Aljibe
569	Pedaleando BA	https://disfrutemosba.buenosaires.gob.ar/lugares/pedaleando-ba	NULL	NULL	NULL	NULL	NULL	Pedaleando BA, es uno de los programas de Turismo en Barrios, los circuitos autoguiados organizados por el Ente de Turismo de la Ciudad de Buenos Aires. La propuesta es recorrer los barrios de la Ciudad con rutas al aire libre para hacer a pie o en bicicleta, y disfrutar de la gastronomia, el arte urbano, los comercios, los espacios verdes y los lugares mas emblematicos de cada uno.&nbsp;Mediante un mapa online, se pueden localizar una enorme variedad de puntos de interes: plazas, parques, rincones especiales, murales, clubes, edificios emblematicos por su arquitectura y diseno, comercios, su historia y mitos que marcan la impronta de cada barrio.CONOCE TODOS LOS RECORRIDOSCIRCUITO 1 | Caballito, Villa Crespo y ColegialesMezcla de tradicion con modernidad, pedalear por estos barrios te invita a conocer joyas arquitectonicas, sumergirte en el tango de Pugliese, perderte en el aroma a cafe de los Bares Notables que encontraras por el camino y detenerte a descansar en sus parques y plazasCIRCUITO 2 | Saavedra, Villa Urquiza y CoghlanPedalear por estos barrios te invita a conocer museos, parques, murales y la huella profunda de la presencia artistica en la figura del Polaco Goyeneche.CIRCUITO 3 | Coghlan, Belgrano y NunezEn la zona norte del mapa de la Ciudad, el Ferrocarril dejo su huella. En dos ruedas, vas a poder apreciar como conviven las casonas senoriales con construcciones muy modernas. Disfruta de sus espacios verdes, de las callecitas con historia y animate a conocer todos sus secretos.CIRCUITO 4 | Parque Chacabuco, Boedo y Parque PatriciosUna invitacion a asomarte a tu ninez, cuando jugabas en la vereda y todo era diversion. Calles empedradas, casas bajas, mucho arte urbano, rincones llenos de historia y espacios verdes para descansar en medio de la naturaleza. ¡A disfrutar!CIRCUITO 5 | PalermoUn barrio lleno de arte urbano y espacios verdes, como el Jardin Japones, plaza Italia y los parques Las Heras y Tres de Febrero. En el medio, vas a encontrar una buena cantidad de propuestas gastronomicas y un circuito de interesantes museos. ¿Vamos?CIRCUITO 6 | Recoleta y RetiroSon dos de los barrios mas emblematicos y con mayor cantidad de atractivos turisticos de la Ciudad. Desde las dos ruedas, vas a poder ver construcciones de gran valor arquitectonico, como el Teatro Colon, la Cancilleria o la Facultad de Derecho de la UBA. Tambien te encontraras con hermosos espacios verdes, entre ellos la plaza Lavalle, la plaza Francia y la plaza San Martin. Y, ademas, vas a pasar por una enorme variedad de museos, el de Bellas Artes o el de Arquitectura y Diseno, entre otros. Tambien vas a disponer de una buena cantidad de propuestas gastronomicas. ¡Que disfrutes del paseo!&nbsp;
573	Muestras de Artes Visuales	https://disfrutemosba.buenosaires.gob.ar/lugares/muestras-de-artes-visuales	NULL	NULL	Espectaculos	NULL	NULL	El Cultural San Martin invita a recorrer las muestras visuales que se encuentran en exposicion con entrada libre y gratuita:La quinta pared, por Agustina AlazrakiEntre lo surreal y lo sublime del pensamiento pictorico, la artista presenta una serie de emociones receptadas a partir de lo onirico. Mediante vivencias noctambulas de lo etereo, recibe un llamado de lo mas recondito del inconsciente y recurre a el para expresar en figuras, formas y perspectivas, el camino hacia lo insondable e incognito.La quinta pared nos invita a transitar este mundo, nuestro propio mundo imaginario que vamos descubriendo a medida que observamos como propios protagonistas de momentos antagonicos y sin limites en la imaginacion de los suenos mismos.&nbsp;Hasta el 21 de agosto | EntresueloNi tan POPular, por Barbi ArcuschinLas relaciones que Barbi establece a traves de sus capturas muestran un lenguaje particular, artistico y documental con coordenadas espacio-temporales muy precisas, en donde aparecen personajes de muy variada indole. Muchas de estas personas no podrian pasar desapercibidas, pareciera que se desplazan entre lo cotidiano como si estuvieran en un escenario, pero otras, por el contrario, centellean su anonimato y ahi es donde la artista logra senalar con el lente algun detalle o nota que exhibe el rasgo particular que las identifica. A veces una mirada, otras un gesto exaltado. Asi, su busqueda se trata mas de un dialogo revisionista de los trazos de nuestro tiempo que de una cronica realista.&nbsp;Hasta el 21 de agosto | Hall AB¿Soy yo?, por Griselda Alvarez&nbsp;En esta muestra, compuesta por 32 dibujos realizados en acrilico, rotuladores y tinta sobre papel, la artista propone encontrarnos y perdernos con ella mediante un juego de miradas: ¿Soy yo?, me preguntas con sorpresa. Si claro, respondo, y soy yo tambien jugando a ser vos. Fragmentada, desordenada, tratando de juntar, de unir mi rompecabezas de caras, mi juego personal de acercar lo que todavia esta separado. Contar historias de instantes compartidos, de suenos, de amistad, de admirada admiracion. Unir, abrazar, apretar, dar la mano, volver a mirar. Espejar. Soy yo que te mira, sos vos que me miras.Hasta el 31 de agosto | Hall sala Enrique MuinoJoyas del Delta - tecnologia espiritual, por Maja LascanoEl proyecto se encuentra compuesto por esculturas blandas que seran activadas performativamente durante los meses en que permanezcan alli. Se trata de un ornamento blando inspirado en los colores, fauna y flora del Delta, un dispositivo de tecnologia espiritual. Un tallo pende del techo. Un fragmento de paisaje oro rose que incuba al sol en el hall marmoreo de El Cultural San Martin. Un objeto que tiene energia propia, hecha con la tuya y mia. Un ornamento que crece dentro del profundo flujo planetario; una de las maneras de construir las muchas capas de la espiritualidad.Hasta diciembre | EntrepisoMedio y medium, por Julieta Proto, Ines Deluca, Ampato Feito y Camila Julieta CaceresHacia dentro y hacia afuera, los trabajos de Deluca capturan imagenes de mundos que se alejan hacia lo desconocido. Parada en una membrana invisible, un ojo mira hacia los astros y las constelaciones lejanas, y el otro hacia el interior del magma germinal de nuestra tierra. En las pinturas de Caceres, las formas seductoras y atractivas que juegan con las representaciones de los cuerpos se encuentran con un universo geometrico restrictivo y convencional, como la del propio marco de una pintura, generando incomodidades visuales y conceptuales. La pintura de Proto se orienta a partir de recuerdos que, derruidos como si fuera un fresco antiguo, son restaurados por medio de lagunas tonalizadas y texturadas asi como por rellenos fantasiosos, produciendo un efecto pareidolico en quien la recibe. Por su parte, Feito se mueve con soltura entre los significantes y propone escenas que nos invitan a reflexionar en torno a los conductos detras de lo que el lenguaje articulado permite nombrar; una mesa de luz o un escritorio se convierten en laboratorio fenomenologico. Ante las obras aqui presentadas existe la posibilidad de asumir una posicion dialectica que se hamaca y se retroalimenta entre dos polos: la aceptacion de lo que se ve. una confianza ciega, y una actitud analitica que se abre al descubrimiento.Hasta el 21 de agosto | Sala VerticalJueves a domingos | 15 a 21hEl Cultural San Martin | Sarmiento 1551Entrada gratuita
575	Centro Cultural Lola Mora	https://disfrutemosba.buenosaires.gob.ar/lugares/centro-cultural-lola-mora	NULL	NULL	Centros culturales	Caballito	Rio de Janeiro 946, C1414 CABA, Argentina	NULL
579	Ecobici	https://disfrutemosba.buenosaires.gob.ar/lugares/ecobici	NULL	NULL	NULL	NULL	NULL	El primer sistema de bicicletas publicas de la Argentina se inauguro con tres estaciones con atencion personalizada, 72 bicicletas y alrededor de 100 viajes diarios. Hoy tiene 280 estaciones automaticas en 47 barrios y esta disponible las 24 horas, los siete diasde la semana.Ecobici es gratuito para todas las personas residentes del pais de lunes a viernes (dias habiles) con hasta cuatro viajes de 30 minutos cada uno. Si queres utilizar las bicis los fines de semana o pedalear por mas tiempo, podes conocer los nuevos pases que ya estan habilitados. Si sos turista extranjero y queres usar Ecobici tenes que obtener un pase turistico exclusivo. Conoce los nuevos pases aca.Elegi tu pase a traves de la app para empezar a pedalear.Acercate a una estacion. Genera un codigo a traves de la app e ingresalo en el anclaje de la bici que quieras retirar. Espera la luz verde y retira la bici tomando el manubrio con una mano y levantando el asiento con la otra.Devolve la bici en cualquier estacion. Ancla la bici en un espacio libre, levantandola para trabarla correctamente en la ranura. Espera la senal sonora y la luz verde que confirman la correcta devolucion de la bicicleta.Todas las dudas que tengas del sistema podes consultarlas en&nbsp;BA Ecobici Preguntas FrecuentesMas informacion www.buenosaires.gob.ar/ecobici/sistema-ecobici
599	Ventanilla Fija	https://disfrutemosba.buenosaires.gob.ar/lugares/ventanilla-fija	NULL	NULL	NULL	NULL	NULL	Llega la primera edicion de Ventanilla Fija, un programa de asesoramiento legal y gratuito dirigido exclusivamente a hacedores de la industria del sonido.El programa tiene como objetivo brindar asesoramiento legal integral en lo relativo a derechos musicales de autores/compositores, interpretes y productores fonograficos, contratos en la industria musical y derecho de entretenimiento a proyectos musicales y/o sonoros emergentes en todo el territorio de la Republica Argentina. Esta iniciativa estara abierta desde el 1 de junio hasta el 30 de noviembre para cualquier persona con un proyecto sonoro que desee recibir asesoramiento legal. El mismo consta de un encuentro virtual de una duracion aproximada de cuarenta y cinco minutos con una profesional en la materia quien asesorara de manera gratuita y particular. Para autores/compositores, interpretes y/o productores fonograficos, el programa servira para saber cuales son los derechos como musico/a independiente, entender como son los procesos de registro, que implicancias tienen los contratos firmados y muchos otros aspectos legales para el desarrollo de un proyecto musical.&nbsp; Podes solicitar un turno a traves de MiBA.&nbsp;Desde el 01 de junio hasta el 30 de noviembrePrograma gratuito | Atencion virtual
665	Produccion integral de podcast	https://disfrutemosba.buenosaires.gob.ar/lugares/produccion-integral-de-podcast	NULL	NULL	NULL	NULL	NULL	Estudio Urbano y el Festival BA Podcast, abren las inscripciones para la produccion integral de podcast. Un ciclo de formacion a distancia, gratuito, con vacantes limitadas, que abarcara, durante 6 modulos de cuatro clases cada uno, todas las etapas y aspectos de produccion de este formato de audio.La cursada tendra una duracion total de 3 meses, entre julio y septiembre y comenzara las inscripciones el martes 21 de junio, a traves del sitio web de Estudio Urbano. Cada modulo, dictado por reconocidos profesionales en el rubro, tendra cuatro encuentros virtuales semanales, y abarcara los siguientes temas:1. Produccion integral de podcast, por Yesica Bernardou y Marco Tonizzo.Martes, de 18 a 20 hs. Comienza el 5 de julio2. Preproduccion: guion y narrativa, por Joaquin StringaJueves, de 18 a 20 hs. Comienza el 7 de julio3. Aspectos legales y monetizacion, por Agustina Laboureau y Josefina Bonifacio.Martes, de 18 a 20 hs. Comienza el 2 de agosto 4. Arquitectura y diseno sonoro, por Marcos Serrao Gomez.Jueves, de 18 a 20 hs. Comienza el 4 de agosto 5. Podcast brandeados y estrategias de difusion, por Maria Laura Russo.Martes, de 18 a 20 hs. Comienza el 6 de septiembre 6. Distribucion multiplataforma y gestion tecnologica, por Gonzalo Soraiz.Jueves, de 18 a 20 hs. Comienza el 8 de septiembreInscripcion del 21 de junio a las 12h hasta el lunes 27 de junio a las 20h&nbsp;en https://www.buenosaires.gob.ar/estudiourbano o por correo a bapodcast@buenosaires.gob.ar. estara abierta para los primeros dos modulos. Los siguientes recibiran aplicaciones hasta unas semanas antes del comienzo de cada cursada. Las personas que resulten inscriptas seran contactadas para confirmar su participacion.-------------------------------------------------------------------------------------------------------------Estudio Urbano es un programa integral de capacitacion y formacion centrado en las industrias culturales, especialmente en la musica, que trabaja con las culturas juveniles con el objetivo de acercarles herramientas de conocimiento, a partir de su oferta anual de cursos y talleres y depende de la Direccion General de Musica, del Ministerio de Cultura del Gobierno de la Ciudad de Buenos Aires.Es un espacio de promocion de la actividad musical, que cuenta con un estudio de grabacion de acceso gratuito y recibio recientemente el apoyo de la UNESCO, para desarrollar politicas de formacion e inclusion con sectores vulnerables de la ciudad Para mas informacion sobre todas las actividades que realiza Estudio Urbano, buenosaires.gob.ar/estudiourbano.
669	Cultura Rap Federal	https://disfrutemosba.buenosaires.gob.ar/lugares/cultura-rap-federal	NULL	NULL	Espectaculos	NULL	NULL	Este ano Cultura Rap, el torneo de freestyle rap creado en El Recoleta para visibilizar a los nuevos talentos del rap local, se vuelve federal: 17 fechas, entre junio y noviembre, en distintas provincias del pais, hasta llegar a la gran final el 20 de noviembre en CABA. La competencia pasa a ser rango 2 en el ranking de FRF (Freestyle Rap Federation), otorgando al ganador de la final nacional 20.000 puntos para el ascenso a la FMS, la liga mas importante de freestyle del pais.En paralelo, desde junio comenzara el torneo anual tal como la conocemos, en la terraza del Recoleta. La competencia tendra formato de torneo y durara ocho fechas. Los mejores cinco competidores de la tabla obtendran el pase directo a la gran final nacional del 20 de noviembre, en el Teatro Vorterix.&nbsp;En la final se mediran todxs los competidores ya clasificados (catorce en total) quedando dos cupos libres para los y las freestylers que participen de la clasificatoria que sucedera de manera presencial el mismo dia de este gran evento.&nbsp;Esta competencia cuenta con el apoyo de UNICEF y el acompanamiento de Stromberg.Dom 26.06 | Fecha 1 Torneo de freestyle rap&nbsp; | 15 h | TerrazaDom. 31.07 | Fecha 3 Torneo de freestyle rap | 15 h | TerrazaDom 07.08 | Fecha 4 Torneo de freestyle rap&nbsp; | 15 h | TerrazaDom 28.08 | Fecha 5 Torneo de freestyle rap&nbsp; | 15 h | TerrazaDom. 11.09 | Fecha 6 Torneo de freestyle rap | 15 h | TerrazaCULTURA RAP EDICION SUB 18&nbsp;Una version para visibilizar a los talentos mas jovenes del rap local. Ademas, el Happy Hour de Escritura coordinado por Fer Blasco, tendra dos sesiones creativas grupales especialmente destinadas a adolescentes para jugar con las palabras, soltar la imaginacion y divertirse escribiendo. No es necesario tener experiencia, solo ganas de experimentar con la escritura.&nbsp;Jueves 21, 28 de julio | 14.30 h | Cultura Rap organizado por Juancin&nbsp;Se suspende por lluvia
685	4° edicion del Premio AZCUY	https://disfrutemosba.buenosaires.gob.ar/lugares/4-edicion-del-premio-azcuy	NULL	NULL	NULL	NULL	NULL	Por cuarto ano consecutivo, abre la convocatoria para una nueva edicion del Premio Azcuy, en alianza con el Museo de Arte Moderno de Buenos Aires y de la mano de la recientemente creada FUNDACION AZCUY.&nbsp;Se trata de un concurso de alcance nacional dirigido a artistas individuales o colectivos argentinos (o con residencia en el pais desde hace mas de tres anos). Su mision es reconocer, difundir y fomentar la produccion artistica local, estimulando la puesta en valor del arte nacional.&nbsp;Es una oportunidad unica para que artistas de todo el pais imaginen proyectos que pueden llevar su practica a nuevos escenarios y escalas. La iniciativa tiene el objetivo de que la cultura forme parte de nuestra cotidianeidad, salga de los espacios tradicionales y se instale en lugares no convencionales.&nbsp;Desde el 1 de julio al 31 de agosto los artistas podran anotarse para participar con sus proyectos. Al cierre de la convocatoria, un jurado de expertos integrado por artistas, curadores, representantes del Museo Moderno y de Azcuy seleccionara 5 finalistas a quienes se les otorgara un premio estimulo de $200.000 pesos para desarrollar sus propuestas con mayor profundidad y volver a presentarlas al jurado. De esta presentacion surgira la obra ganadora que se dara a conocer en noviembre. El artista recibira un premio de $2.000.000 pesos y la produccion de su obra, que se pondra en marcha apenas concluido el certamen bajo su direccion y supervision, sera enteramente costeada por Azcuy.&nbsp;Inscripcion&nbsp;mediante&nbsp;la web www.premioazcuy.com, donde encontraran las bases y condiciones, y accederan a toda la documentacion necesaria para iniciar el proceso de inscripcion. Desde 01 de julio hasta el 31 de agosto inclusive---------------------------------------------------------------------------------------------------------------------------AZCUY es una compania creativa de real estate con mas de treinta anos de trayectoria en la Argentina dedicada a desarrollar, disenar, construir y comercializar arquitectura residencial en el barrio de Caballito de la Ciudad de Buenos Aires. Su trabajo busca lograr la mejor ecuacion entre diseno y sustentabilidad, por lo que se orienta a favorecer el vinculo entre las personas y la naturaleza, a cuidar el medio ambiente a partir del uso responsable de la energia en sus edificios y a generar un impacto social y cultural positivo en la comunidad. Comprometidos con el uso responsable de los recursos, el cuidado de los detalles y atentos a las posibilidades que ofrece la mas alta tecnologia y el conocimiento exhaustivo de los materiales, los proyectos de AZCUY buscan crear espacios de calidad que aseguren una experiencia de bienestar a lo largo del tiempo. AZCUY fue fundada y es dirigida por el arquitecto Gerardo Azcuy, cuyo compromiso con la creacion del mejor entorno posible para el desarrollo de nuestra vida cotidiana lo alento a iniciar el Premio Azcuy, por el cual se seleccionan proyectos artisticos de calidad para que pasen a formar parte integral y patrimonial de los edificios que la compania desarrolla.El Museo de Arte Moderno de Buenos Aires, institucion publica dependiente del Ministerio de Cultura del Gobierno de la Ciudad de Buenos Aires, fue creado en abril de 1956 por iniciativa de Rafael Squirru, su primer director. Desde sus inicios, el Moderno fue un museo de vanguardia, verdadera casa de los artistas argentinos, y un espacio dedicado a promover las ultimas producciones de todas las disciplinas artisticas. Ubicado en el barrio de San Telmo, el Museo Moderno exhibe su coleccion de arte moderno y contemporaneo, produce exhibiciones temporarias de artistas nacionales y extranjeros, ya sean individuales o grupales, y genera un fuerte vinculo con la comunidad a traves de un intenso programa de actividades educativas y culturales destinadas a los mas diversos publicos.La Fundacion Azcuy busca construir una sociedad mejor, llevando adelante pequenas y grandes acciones. El objetivo es contribuir al bienestar de la sociedad a traves de la arquitectura, el arte, el urbanismo, la responsabilidad social
707	Red de Bienestar	https://disfrutemosba.buenosaires.gob.ar/lugares/red-de-bienestar	NULL	NULL	NULL	NULL	NULL	Por si no sabias, la Ciudad, en la mayoria de sus comunas, cuenta con distintos puntos de bienestar&nbsp;llenos de actividades recreativas, cognitivas, artisticas y culturales con el objetivo de mejorar el bienestar de cada uno de nosotros. Veni y animate a conocer alguna de estas propuestas:&nbsp;ESTACIONES SALUDABLESUn espacio para potenciar nuestro bienestar. Ademas de fomentar una alimentacion sana, la actividad fisica y el control periodico de la salud, se proponen actividades de esparcimiento y recreacion.Lunes a viernes: Asesoria nutricional y enfermeria: Control de presion arterial, talla y peso. | Sabados y domingos: Actividad fisica y taller cognitivo. | Horarios y ubicacion en el siguiente linkLA TERCERA EN LA CALLESe impulsan actividades fisicas, recreativas, cognitivas, artisticas y culturales en plazas y parques de la Ciudad, para promover el envejecimiento activo y saludable.Lunes a viernes de 09 a 11:30hs y de 12:30 a 15hs | Ubicaciones en el siguiente linkCENTROS DE DIA (CDD)Son espacios pensados para las personas mayores, donde se realizan actividades reflexivas, recreativas, culturales, corporales y cognitivas. En los CDD se ofrecen servicios de orientacion psicologica, social y juridica; en pos de promover su independencia y autonomia y contribuir a la mejora de su calidad de vida.Lunes a viernes de&nbsp;09 a16hs | Sabados de 09 a 15hs| Ubicaciones en el siguiente linkEntrada libre y gratuitaBA Bienestar &nbsp; &nbsp; &nbsp; &nbsp; &nbsp; &nbsp; &nbsp; &nbsp; &nbsp; &nbsp; &nbsp; &nbsp; &nbsp; &nbsp; &nbsp; &nbsp; &nbsp; &nbsp;Ciudad Amigable&nbsp;IG: @BABienestar &nbsp; &nbsp; &nbsp; &nbsp; &nbsp; &nbsp; &nbsp; &nbsp; &nbsp; &nbsp; &nbsp; &nbsp; &nbsp; &nbsp; &nbsp;IG: @BACiudadAmigableFB: /BienestarGCBA&nbsp; &nbsp; &nbsp; &nbsp; &nbsp; &nbsp; &nbsp; &nbsp; &nbsp; &nbsp; &nbsp; &nbsp; &nbsp; FB: /CiudadAmigableGCBATW:@BA_Bienestar&nbsp; &nbsp; &nbsp; &nbsp; &nbsp; &nbsp; &nbsp; &nbsp; &nbsp; &nbsp; &nbsp; &nbsp; &nbsp; &nbsp;TW: @BA_Amigable
723	Wild Bass Festival	https://disfrutemosba.buenosaires.gob.ar/lugares/wild-bass-festival	NULL	NULL	Parques y Plazas	NULL	NULL	Llega Wild Bass Festival, un ciclo de musica under electronica del estilo Bass Music con 6 DJ`s Sets en escena que haran sets de 30 minutos cada uno. El festival apunta a dar a conocer a los artistas emergentes del estilo Bass. Cada Dj que se presenta tiene su propio estilo Bass. Cabe destacar que es un estilo muy reconocido y con cada vez mayor audiencia a nivel nacional e internacional. Un espectaculo para todo publico en el Anfiteatro de Parque Centenario, gratis, por orden de llegada, hasta completar la capacidad.DJ´s participantes: XLAB / AXS / KR4D / HOLO ICE / TOMMLOW / LEON ELLUS / JOHN DARTEViernes 12 de agosto | 16:30hAnfiteatro de Parque Centenario | Av. Lillo y Leopoldo MarechalEntrada gratuita por orden de llegada hasta agotar la capacidad Se suspende por lluvia
759	Inclusion digital	https://disfrutemosba.buenosaires.gob.ar/lugares/inclusion-digital	NULL	NULL	NULL	NULL	NULL	Conoce los talleres que La Ciudad tiene para ofrecer desde el programa de Inclusion Digital. Esta propuesta trabaja en la inclusion digital de las personas mayores mediante encuentros virtuales y presenciales de capacitacion y practica en el uso de tecnologia digital en la vida diaria, buscando promover la alfabetizacion digital y el fortalecimiento del uso de herramientas tecnologicas y dispositivos moviles. Las actividades y capacitaciones estan destinadas a personas mayores de 60 anos.Los talleres que propone el programa de Inclusion Digital son:Aprende a usar:El programa capacita a las personas mayores sobre el uso de herramientas digitales tales como mensajeria movil, Email, Apps de Delivery, Redes Sociales, Educacion Financiera y Boti + Simple.&nbsp; Ademas, se realizan capacitaciones presenciales en diversos espacios (clubes, cesacs, centros de jubilados, otros) teniendo capilaridad en todas las Comunas de la Ciudad.Las capacitaciones se dictan en modalidad virtual. Inscripcion por formulario en las redes sociales de la Secretaria los martes a las 14 horas.Finanzas digitales:Junto a Desarrollo Economico y al Banco Ciudad realizamos capacitaciones sobre educacion financiera: uso de billetera virtual, seguridad, y otras herramientas para el manejo digital de las finanzas.Las capacitaciones se dictan en modalidad virtual. Inscripcion por formulario en las redes sociales de la Secretaria los viernes a las 14 horas.Prevencion Ciberdelito:Taller de encuentros sobre prevencion de delitos informaticos y sobre como navegar por Internet con seguridad; como proteger datos personales, como detectar estafas virtuales, entre otros temas.Desayunos Digitales:Desarrollamos encuentros mensuales con personas mayores, bajo la modalidad de conversatorios virtuales, en los que se comparten las propuestas de la Secretaria para este segmento y se trabaja en el desarrollo de nuevas iniciativas. En estos desayunos se conversa sobre los gustos y preferencias de las personas mayores, para brindar propuestas especialmente adaptadas y facilitar el vinculo de los vecinos mayores con la Ciudad de Buenos Aires.Las capacitaciones se dictan en modalidad virtual. Inscripcion por formulario en las redes sociales de la Secretaria con frecuencia mensual.Boti +SimpleBuscamos que las personas mayores puedan conocer de manera simple las diferentes actividades recreativas, cursos y talleres e informacion util para vivir la Ciudad. Tambien brindamos asistencia digital para tramites.Para acceder a esta informacion, podes comunicarte con Boti a traves de Whatsapp al numero 11-5050-0147 y escribir “Personas Mayores”.--------------------------------------------------------------------------------------------------------------------------------Para mas informacion podes comunicarte a traves de:Telefono: 5030-9740 (interno 1640)Instagram: @BACiudadAmigableFacebook: www.facebook.com/BACiudadAmigable o como Ciudad Amigable GCBATwitter: @BA_AmigableMail: bienestarintegral@buenosaires.gob.ar
761	Participa del Festival Buenos Aires Jazz	https://disfrutemosba.buenosaires.gob.ar/lugares/participa-del-festival-buenos-aires-jazz	NULL	NULL	NULL	NULL	NULL	Hasta el 31 de agosto grupos y solistas de todo el pais podran anotarse para formar parte de la edicion 2022 del Festival de Jazz de la ciudad de Buenos Aires. Son dos las convocatorias activas: Nuevos Discos y Grupos o Proyectos Solistas de jazz. Los seleccionados en ambas categorias formaran parte de la edicion 2022 del festival.&nbsp;En la convocatoria Nuevos Discos podran inscribirse quienes hayan editado nuevo material entre el 1 de octubre de 2021 y el 1 de noviembre de 2022. Entre los postulantes se seleccionaran cuatro proyectos que participaran de Buenos Aires Jazz 2022.En la convocatoria Grupos o Proyectos Solistas podran participar musicos y grupos en las categorias Jazz Standards/Straight Ahead/Mainstream, Free Jazz/Contemporaneo/Experimental, y Fusion. De ella se seleccionaran un maximo de ocho proyectos que formaran parte de la programacion del festival.Ambas convocatorias tienen como fin darle la posibilidad a artistas de todo el pais de formar parte y mostrar su trabajo en el Festival Internacional de Jazz de la ciudad de Buenos Aires. El jurado encargado de seleccionar los proyectos ganadores estara integrado por figuras de reconocida trayectoria dentro del ambito artistico y sociocultural.La inscripcion estara abierta hasta el miercoles 31 de agosto en la&nbsp;web del festival.
768	Feria Argentina del Alfajor	https://disfrutemosba.buenosaires.gob.ar/lugares/feria-argentina-del-alfajor	NULL	NULL	NULL	NULL	NULL	Llega la 1° edicion de la Feria Argentina del Alfajor. Por primera vez en Argentina todo el sector Alfajorero expone sus productos y sus mas exquisitas creaciones. Durante los dias de la Feria podras conocer a los productores de alfajores de todo el Pais. Tambien en el mismo salon se realizara en conjunto la eleccion del mejor alfajor del mundo en el marco del Campeonato Mundial del Alfajor, el jueves 4 y viernes 5, de 10h a 18h . Un Jurado especializado realizara una cata a ciegas de cientos de muestras de 15 categorias diferentes. Se entregaran mas de 45 premios y medallas.Entrada gratuita a traves de Eventbrite | cupos limitadosLunes 1 hasta el viernes 5 de agosto | 10 a 18hPrimer piso Galeria Central | Av. Corrientes y Florida
771	La Trochita: 100 anos de historia	https://disfrutemosba.buenosaires.gob.ar/lugares/la-trochita-100-anos-de-historia	NULL	NULL	NULL	NULL	NULL	A partir del lunes 25 de julio, hasta el 12 de agosto, se podra visitar la muestra fotografica La Trochita: 100 anos de historia. Luego, el martes 2 de agosto a las 14:30h, se realizara una jornada cultural que incluye la presentacion del libro: La Trochita, Viejo Expreso Patagonico&nbsp;y una recorrida por la muestra fotografica.La muestra se encuentra integrada por imagenes de la centenaria formacion ferroviaria, que recorre parte de nuestra Patagonia sobre sus vias de trocha angosta. Su historia se remonta a principios del siglo XX, cuando se impulso la sancion de la Ley 5559 de Fomento de los Territorios Nacionales, con el objetivo de promover el desarrollo de La Patagonia, y sumarse a una estrategia de integracion ferroviaria de las areas potencialmente productivas. En 1921 se decidio conectar este pueblo con Esquel y para el ano 1922 se decidio comprar 50 locomotoras Henschel en Alemania y otras 25 Baldwin en Estados Unidos, mientras que los vagones fueron fabricados en Belgica. El 7 de octubre de 1922 se autorizo el trazado en trocha economica de 75 cm, del ferrocarril que llega hasta Esquel, a traves de 402 kilometros y mas de 600 curvas. Martes 2 de agosto | 14:3025 de julio hasta 12 de agosto | Dias habiles |&nbsp; 08 a 20hsCamara de Diputados de la Nacion | Av. Rivadavia 1841 | Planta Baja del Anexo A 
